company_number,company_name,stratum,vat_number,status,reason,name_score,company_number_on_site,domain
05897097,2 DORIC WAY LIMITED,trading,,NOT_FOUND,no candidate extracted,,,
07347959,20NEWCHURCHROAD LIMITED,all,,NOT_FOUND,no candidate extracted,,,
05449800,A & N ALEKSIEV LTD,trading,,NOT_FOUND,no candidate extracted,,,
04912017,A. BUCKLER DEMOLITION LIMITED,all,,NOT_FOUND,no candidate extracted,,,
13667337,A.YUSAF COMMERCE LIMITED,all,,NOT_FOUND,no candidate extracted,,,
16846905,ABAC REAL ESTATE LTD,all,,NOT_FOUND,no candidate extracted,,,
17142201,ABERSOCH APPAREL LIMITED,all,,NOT_FOUND,no candidate extracted,,,
13476101,ADS WDC LIMITED,all,,NOT_FOUND,no candidate extracted,,,
10832077,AERO SEKUR AIRBORNE LIMITED,all,,NOT_FOUND,no candidate extracted,,,
SC498637,AIGAS FIELD CENTRE LIMITED,trading,,NOT_FOUND,no candidate extracted,,,
16647375,ALTO CONSTRUCTION LTD,all,,NOT_FOUND,no candidate extracted,,,
10716252,AMWELL PROPERTY LTD,trading,,NOT_FOUND,no candidate extracted,,,
SC243442,ANDREW SHEPHERD & SONS LIMITED,all,,NOT_FOUND,no candidate extracted,,,
04545537,APPLE BARN SERVICES LIMITED,all,,NOT_FOUND,no candidate extracted,,,
13685332,ARBOUR HOUSE FARM MEDICAL AND AGRICULTURAL LTD,trading,,NOT_FOUND,no candidate extracted,,,
15778924,ARG RAIL CONSULTANCY SERVICES LTD,all,,NOT_FOUND,no candidate extracted,,,
00839768,ARISTOMATICS PROPERTIES LIMITED,all,,NOT_FOUND,no candidate extracted,,,
14259239,ARTA SCRAP LTD,all,,NOT_FOUND,no candidate extracted,,,
SC656290,ASIAN ARTS GLOBAL LTD,all,,NOT_FOUND,no candidate extracted,,,
10979337,ASIF EYECARE LIMITED,trading,,NOT_FOUND,no candidate extracted,,,
07901056,ASK EPM LTD,all,,NOT_FOUND,no candidate extracted,,,
14292776,ATALP CONSULTING LTD,trading,,NOT_FOUND,no candidate extracted,,,
12904875,AURAMAYA LTD,all,,NOT_FOUND,no candidate extracted,,,
11118002,AVIZA TRANSPORT LTD,trading,,NOT_FOUND,no candidate extracted,,,
09320539,BAINES ROOFING LIMITED,all,,NOT_FOUND,no candidate extracted,,,
13135539,BARKBY LTD,trading,,NOT_FOUND,no candidate extracted,,,
05237539,BEECHEY MANAGEMENT COMPANY LIMITED,all,,NOT_FOUND,no candidate extracted,,,
08878674,BESTBUY SHOPFITTERS LIMITED,trading,,NOT_FOUND,no candidate extracted,,,
OC375744,BJF PROPERTIES LLP,all,,NOT_FOUND,no candidate extracted,,,
04969411,BLIKKBOKS  LTD,all,,NOT_FOUND,no candidate extracted,,,
13791445,BLUEBOND TAX SOLUTIONS LIMITED,trading,,NOT_FOUND,no candidate extracted,,,
06710876,BREWERY SQUARE MANAGEMENT LIMITED,trading,,NOT_FOUND,no candidate extracted,,,
15151787,BRIGHTSUITE LIMITED,trading,,NOT_FOUND,no candidate extracted,,,
NI714110,BROTHERS FURNITURE & INTERIORS LIMITED,trading,,NOT_FOUND,no candidate extracted,,,
10202440,BUSINESS MERIDIAN LTD,all,,NOT_FOUND,no candidate extracted,,,
03505291,CACTUSOFT LIMITED,all,,NOT_FOUND,no candidate extracted,,,
09282081,CATNAP CREATIONS LTD,all,,NOT_FOUND,no candidate extracted,,,
15366532,CEE JAY PROPERTIES (CJP) LTD,all,,NOT_FOUND,no candidate extracted,,,
13022956,CENTRE FOR SUSTAINABLE DEVELOPMENT AND CLIMATE CHANGE LTD,all,,NOT_FOUND,no candidate extracted,,,
03047290,CERTIKIN INTERNATIONAL LIMITED,trading,630968620,CONFIRMED,name 1.00,1.0,True,certikininternational.co.uk
16496733,CHALK FARM KITCHEN LTD,all,,NOT_FOUND,no candidate extracted,,,
11098150,CHAMBERLAINS AQUA AND ENERGY SYSTEMS LIMITED,trading,,NOT_FOUND,no candidate extracted,,,
10482650,CHELYR SIMONE PHOTOGRAPHY LTD,trading,,NOT_FOUND,no candidate extracted,,,
03912373,CHOICE LANGUAGE SERVICES LIMITED,all,,NOT_FOUND,no candidate extracted,,,
11428290,CLEMENTINE CHELTENHAM LIMITED,trading,,NOT_FOUND,no candidate extracted,,,
17174797,CLIENTOLOGY SCALING BUSINESS LTD,all,,NOT_FOUND,no candidate extracted,,,
03855960,COLCHESTER GLOBAL INVESTORS LIMITED,trading,,NOT_FOUND,no candidate extracted,,,
16587979,COMMANDPOST LTD,trading,,NOT_FOUND,no candidate extracted,,,
03535936,CONMED UK LTD,trading,,NOT_FOUND,no candidate extracted,,,
13948553,CONSIGN LONDON LTD,trading,,NOT_FOUND,no candidate extracted,,,
11739169,CORE CAPRICORN LIMITED,all,,NOT_FOUND,no candidate extracted,,,
NI678668,CRANFORD STONE UK LTD,trading,,NOT_FOUND,no candidate extracted,,,
07412995,CRESTOR PROPERTIES & INVESTMENTS LIMITED,all,,NOT_FOUND,no candidate extracted,,,
16799447,CROWN ONLINEUK LTD,all,,NOT_FOUND,no candidate extracted,,,
15945502,CROWNZ ALLIED SERVICES LIMITED,all,,NOT_FOUND,no candidate extracted,,,
02791793,CWL LTD.,trading,,NOT_FOUND,no candidate extracted,,,
13688776,DANIEL JONES FIRE AND SECURITY SOLUTIONS LTD,all,,NOT_FOUND,no candidate extracted,,,
11908425,DRM PLUMBING AND ELECTRICAL LTD,trading,,NOT_FOUND,no candidate extracted,,,
11455352,DUA FRESH MEAT AND GROCERY LTD,trading,,NOT_FOUND,no candidate extracted,,,
09142570,DUTTON WARD LIMITED,trading,,NOT_FOUND,no candidate extracted,,,
13586710,DUVSPHARMA LTD,all,,NOT_FOUND,no candidate extracted,,,
07628623,E2E4 TECHNOLOGIES LTD,all,,NOT_FOUND,no candidate extracted,,,
05956967,EASY WATER LIMITED,all,,NOT_FOUND,no candidate extracted,,,
07310823,ECONOMIZE ACCOUNTING & TAX SOLUTIONS LTD,trading,,NOT_FOUND,no candidate extracted,,,
15428631,ED CARE SERVICES LTD,trading,,NOT_FOUND,no candidate extracted,,,
12165590,ELLARION CYBERNETICS LTD,all,,NOT_FOUND,no candidate extracted,,,
04532164,ELVESTONE MANAGEMENT COMPANY LIMITED,trading,,NOT_FOUND,no candidate extracted,,,
12916820,EMAF LTD,all,,NOT_FOUND,no candidate extracted,,,
12139486,EMILIE COSTE LIMITED,trading,,NOT_FOUND,no candidate extracted,,,
11498172,ENVIRO CLEAN GROUP LTD,trading,339217984,CONFIRMED,name 1.00,1.0,True,enviro-clean.co.uk
08349121,EVE WRITING SERVICES LIMITED,all,,NOT_FOUND,no candidate extracted,,,
17363413,EVERWELL BRANDS LTD,all,,NOT_FOUND,no candidate extracted,,,
SC306108,FAIR (UK) LIMITED,trading,,NOT_FOUND,no candidate extracted,,,
08260771,FARLA LIMITED,trading,,NOT_FOUND,no candidate extracted,,,
09398402,FILIP SCAFFOLDING LTD,trading,,NOT_FOUND,no candidate extracted,,,
11605647,FOX TRAINING AND EVENTS LIMITED,trading,,NOT_FOUND,no candidate extracted,,,
02209261,FRAMEWOOD MANOR MANAGEMENT COMPANY LIMITED,trading,,NOT_FOUND,no candidate extracted,,,
10247549,FREEDOM 365 MORTGAGE SOLUTIONS LTD,all,,NOT_FOUND,no candidate extracted,,,
12689967,FRENCH CATERING LIMITED,trading,,NOT_FOUND,no candidate extracted,,,
12480851,FRODSHAM FLEET SERVICES LIMITED,all,,NOT_FOUND,no candidate extracted,,,
12518783,FRS (CUMBRIA) LIMITED,all,,NOT_FOUND,no candidate extracted,,,
10333528,FUEL ENTERPRISES LIMITED,trading,,NOT_FOUND,no candidate extracted,,,
03374347,FULHAM FOOTBALL LEISURE LIMITED,trading,,NOT_FOUND,no candidate extracted,,,
05554773,FURNITURE CLINIC LIMITED,trading,,NOT_FOUND,no candidate extracted,,,
12893178,G R LAND AND PROPERTY LTD,trading,,NOT_FOUND,no candidate extracted,,,
07803962,GEPIF EUROWIND HOLDINGS LIMITED,trading,,NOT_FOUND,no candidate extracted,,,
01303616,GLINWELL PUBLIC LIMITED COMPANY,all,,NOT_FOUND,no candidate extracted,,,
09085103,GOODWOOD PLASTERING LIMITED,trading,,NOT_FOUND,no candidate extracted,,,
13620240,GOTROZMO LTD,all,,NOT_FOUND,no candidate extracted,,,
15029655,GREATLEAF LIMITED,trading,,NOT_FOUND,no candidate extracted,,,
09013002,HEEVA LIMITED,trading,,NOT_FOUND,no candidate extracted,,,
09606474,HELPERTHORPE BEST LTD,trading,,NOT_FOUND,no candidate extracted,,,
11147020,HIGH LEVEL LIMITED,all,413473374,MISMATCH,name 0.62 - HMRC says 'HIGH LEVEL PHOTOGRAPHY LTD',0.625,False,highlevel.co.uk
SC646205,HOLME RED LIMITED,trading,,NOT_FOUND,no candidate extracted,,,
10922967,IMBIBA CAPITAL LTD,all,,NOT_FOUND,no candidate extracted,,,
08788659,IN-TOUCH BUSINESS SOLUTIONS LTD,trading,,NOT_FOUND,no candidate extracted,,,
13343331,INSIGHT TO DESIGN LTD,all,,NOT_FOUND,no candidate extracted,,,
12841508,INSPIRE HEALTH CARE SOLUTIONS LTD,all,,NOT_FOUND,no candidate extracted,,,
16168743,IQUR DIAGNOSTICS LIMITED,all,,NOT_FOUND,no candidate extracted,,,
02382955,J. & J. WHITTAKER (CHEMIST) LIMITED,all,,NOT_FOUND,no candidate extracted,,,
07447275,J. LERY LIMITED,trading,,NOT_FOUND,no candidate extracted,,,
11164862,JD DIGITAL MEDIA LTD,trading,,NOT_FOUND,no candidate extracted,,,
12784595,JHM DEVELOPMENTS LTD,trading,,NOT_FOUND,no candidate extracted,,,
16240899,JJP HOLDINGS LTD,all,,NOT_FOUND,no candidate extracted,,,
15609174,JONART GLOBAL LTD,trading,,NOT_FOUND,no candidate extracted,,,
11640735,JUELO CONSULT LIMITED,all,,NOT_FOUND,no candidate extracted,,,
13946160,JURALI LIMITED,all,,NOT_FOUND,no candidate extracted,,,
15644358,KARAN FOODS LIMITED,trading,,NOT_FOUND,no candidate extracted,,,
08187951,KASIAS KARPETS LIMITED,trading,,NOT_FOUND,no candidate extracted,,,
07970742,KCT SUPPLIES LIMITED,trading,,NOT_FOUND,no candidate extracted,,,
11800762,KDV GROWTH LTD,all,,NOT_FOUND,no candidate extracted,,,
16816180,KELVIN VENTURES LIMITED,all,,NOT_FOUND,no candidate extracted,,,
09167444,KETHER CONSULTING UK LTD,trading,,NOT_FOUND,no candidate extracted,,,
16427529,KOCHI 2 MUMBAI LTD,all,,NOT_FOUND,no candidate extracted,,,
09872349,KUUNGANA ADVISORY LIMITED,trading,,NOT_FOUND,no candidate extracted,,,
10384646,LADYBIRD CAR SALES LTD,all,,NOT_FOUND,no candidate extracted,,,
SC806295,LAKSHMI ASSOCIATES LIMITED,trading,,NOT_FOUND,no candidate extracted,,,
09320210,LANKASTER LTD,trading,,NOT_FOUND,no candidate extracted,,,
07674410,LEARNING ENABLERS LIMITED,all,,NOT_FOUND,no candidate extracted,,,
14661835,LILY ROSE FABRICATIONS LIMITED,all,,NOT_FOUND,no candidate extracted,,,
15056125,LOTUS HOMES INVESTMENTS LTD,trading,,NOT_FOUND,no candidate extracted,,,
07938253,M & L CAMBRIDGE LIMITED,all,,NOT_FOUND,no candidate extracted,,,
15565603,M & M PROPERTY (NOTTM) LTD,trading,,NOT_FOUND,no candidate extracted,,,
10102157,MAGNIFY & GROW BUSINESS CONSULTING LTD,trading,,NOT_FOUND,no candidate extracted,,,
03998466,MARLORE DEMOLITION LIMITED,all,,NOT_FOUND,no candidate extracted,,,
17356638,MASS APPEAL CLOTHING LTD,all,,NOT_FOUND,no candidate extracted,,,
16947432,MAX3DPRINTS LIMITED,all,,NOT_FOUND,no candidate extracted,,,
01051256,MEGAPLANT LIMITED,trading,,NOT_FOUND,no candidate extracted,,,
SC774929,MEL'S MUNCH LTD,trading,,NOT_FOUND,no candidate extracted,,,
10601081,MELLOR & MOTTRAM LIMITED,all,,NOT_FOUND,no candidate extracted,,,
09259956,MICHAEL PEARCE PROJECT SERVICES LIMITED,trading,,NOT_FOUND,no candidate extracted,,,
14088734,MILNES BROS LIMITED,trading,,NOT_FOUND,no candidate extracted,,,
10798573,MINDFUL BUSINESS CONSULTING LTD,all,,NOT_FOUND,no candidate extracted,,,
15076408,MMJ ACCOUNTANTS LIMITED,all,,NOT_FOUND,no candidate extracted,,,
15921434,MODERN BUTLER LTD,trading,,NOT_FOUND,no candidate extracted,,,
NI035510,MONEYNEENA & DISTRICT DEVELOPMENT INITIATIVE LTD,all,,NOT_FOUND,no candidate extracted,,,
11711149,MONTASH DEVELOPMENTS LIMITED,all,,NOT_FOUND,no candidate extracted,,,
04584851,MYLOR CHANDLERY LTD,all,,NOT_FOUND,no candidate extracted,,,
10189225,NAR VALLEY (BLOCK K) MANAGEMENT COMPANY LTD,all,,NOT_FOUND,no candidate extracted,,,
SC819438,NICOSSE CONSULTING LTD,trading,,NOT_FOUND,no candidate extracted,,,
13943934,NORTHERN RENEWABLE CENTRE LIMITED,trading,,NOT_FOUND,no candidate extracted,,,
11649939,NOVA HOUSING SERVICES LTD,trading,,NOT_FOUND,no candidate extracted,,,
09050822,OGGI SCAFFOLDING LIMITED,trading,,NOT_FOUND,no candidate extracted,,,
14913696,OLIBELLE GROUP LIMITED,all,,NOT_FOUND,no candidate extracted,,,
07310566,OLLANDS INVESTMENTS LIMITED,trading,,NOT_FOUND,no candidate extracted,,,
11135449,OM RETAIL UK LIMITED,all,,NOT_FOUND,no candidate extracted,,,
15933835,ONE LOVE SOCIAL CLUB C.I.C.,all,,NOT_FOUND,no candidate extracted,,,
11116615,PAPA CHARLIE PROPERTIES LIMITED,all,,NOT_FOUND,no candidate extracted,,,
15681226,PBW ROOFING LIMITED,trading,,NOT_FOUND,no candidate extracted,,,
FC028766,PERSIMMON FINANCE (JERSEY) LIMITED,trading,,NOT_FOUND,no candidate extracted,,,
